epoch,model_id,Training_MASE,Training_SMAPE,Training_MAPE,Training_MSE,Training_MAE
0,11037,1.073,0.264,9473120247145724.0,416407.4061889237,315.60019991147647
